Company,website,Location,Segment,What They Make,Revenue,Decision Maker,E1 (Producer),E2 (Accessible),C3 (Differentiated),C4 (Decision-Maker),C5 (Growing Sector),C6 (Growth),C7 (Systems),C8 (Succession),Total Score (/100),Verdict,Personalization Hook
Anvi Lifesciences,Anvi Lifesciences,"Mehsana (near Ahmedabad), Gujarat",Specialty Manufacturing / Contract Manufacturing (Pharmaceuticals),Pharmaceutical formulations and contract manufacturing products with in-house plant and R&D capabilities. (anvilife.com),?30ñ100 Cr (estimated; appears to fit your target better than Concord Biotech),Promoter-led company under the Ishita Group with dedicated manufacturing and R&D leadership.,PASS ñ Owns manufacturing infrastructure and performs contract manufacturing.,PASS ñ Manufacturing plant in Gujarat with operational presence near Ahmedaba,Strong ñ Has in-house R&D and contract manufacturing capabilities.,Moderate ñ Structured promoter-led management with manufacturing focus.,Strong ñ Benefits from India's pharmaceutical manufacturing growth.,Moderate ñ Active manufacturing and contract business indicate expansion potential.,"Strong ñ Highlights quality control, R&D, and production infrastructure",Moderate ñ Operates within an established corporate group structure.,77.5,"Fit ñ In-house manufacturing, R&D emphasis, and Gujarat operations make it a stronger match for your assignment constraints than Concord Biotech.","I was impressed by your investment in both R&D and contract manufacturing capabilities, especially the focus on quality infrastructure."
Hester Biosciences,Hester Biosciences,"Ahmedabad, Gujarat",Specialty Biotech,Poultry and livestock vaccines and animal health products,?300ñ500 Cr (around ?330 Cr FY2026) (StockAnalysis),Rajiv Gandhi ñ Founder and veterinary entrepreneur. (Wikipedia),PASS ñ In-house vaccine manufacturing,PASS ñ Gujarat facilities,Strong ñ Proprietary vaccine portfolio,Strong ñ Experienced biotech leadership,Strong ñ Growing animal healthcare market,Strong ñ Expansion initiatives,Strong ñ Regulated quality systems,Moderate ñ Multi-level management,90,Strong Fit (A) ñ Niche vaccine manufacturer benefiting from strong demand and in-house production capabilities.,Your focus on innovative animal vaccines and healthcare solutions immediately caught my attention.
Unigenome,Neuberg Supratech,"Ahmedabad, Gujarat",Life-Science Tools,Genomic sequencing and molecular biology services,Unknown (Private),Senior management under the Neuberg Diagnostics leadership team; specific local executive information is not consistently public.,PASS ñ Own genomics laboratory,PASS ñ Ahmedabad operations,Strong ñ Advanced genomics capabilities,Moderate ñ Founder-led technical team,Strong ñ Precision medicine growth,Moderate ñ Increasing adoption,Moderate ñ Digital lab workflows,Moderate ñ Emerging leadership depth,82.5,Strong Fit (A) ñ Advanced molecular diagnostics provider with specialized laboratory infrastructure.,I found your work in genomics and precision diagnostics particularly compelling.
Neuberg Supratech,Unigenome,"Ahmedabad, Gujarat",Specialty Diagnostics,"Molecular diagnostics, pathology and genomic testing",< ?30 Cr (estimated),Founder-led genomics company; publicly available executive details are limited.,PASS ñ Operates diagnostic labs,PASS ñ Ahmedabad presence,Strong ñ High-end molecular diagnostics,Moderate ñ Experienced healthcare management,Strong ñ Diagnostics demand rising,Strong ñ Service expansion,Strong ñ Modern lab systems,Moderate ñ Professional management,72.5,Fit (B) ñ Specialized genomics company operating in a rapidly expanding precision medicine ecosystem.,Your commitment to genomic sequencing and molecular analysis stood out during my research.
Advait Theragnostics,Advait Theragnostics,"Ahmedabad, Gujarat",Specialty Diagnostics,Cancer diagnostics and molecular testing solutions,< ?30 Cr (estimated),Founder/promoter-led precision diagnostics company; detailed leadership information is limited.,PASS ñ Performs specialized testing,PASS ñ Ahmedabad operations,Strong ñ Oncology diagnostics niche,Moderate ñ Technical founders,Strong ñ Personalized medicine trend,Moderate ñ Growing specialty demand,Moderate ñ Structured lab operations,Moderate ñ Small but stable team,72.5,Fit (B) ñ Differentiated by its focus on molecular and oncology diagnostics with technical expertise.,I was especially interested in your focus on precision oncology diagnostics.
Maps Enzymes,Maps Enzymes,"Ahmedabad, Gujarat",Specialty Biotech,"Industrial enzymes for food, pharma and biotech uses",?30ñ100 Cr (estimated),Founder-led specialty enzyme manufacturer; limited public executive information.,PASS ñ Manufactures enzymes,PASS ñ Gujarat manufacturing,Strong ñ Specialized enzyme production,Moderate ñ Industry expertise,Strong ñ Industrial biotech growth,Moderate ñ Market expansion,Moderate ñ Controlled production systems,Moderate ñ Leadership continuity,72.5,Fit (B) ñ Specialized enzyme producer serving industrial and biotechnology applications.,Your expertise in industrial enzymes demonstrates a strong niche manufacturing capability.
Saarv Biochem,Saarv Biochem,"Ahmedabad, Gujarat",Custom Synthesis & Specialty Chemicals,Custom synthesis and specialty chemical intermediates,?30ñ100 Cr (estimated),Founder/promoter-led specialty chemical company; executive details not widely disclosed.,PASS ñ Own chemical production,PASS ñ Gujarat operations,Strong ñ Custom chemistry capability,Moderate ñ Technical management,Strong ñ China+1 manufacturing trend,Moderate ñ Business expansion,Moderate ñ Manufacturing controls,Moderate ñ Multi-person leadership,72.5,Fit (B) ñ Strong custom synthesis capabilities make it a differentiated specialty manufacturer.,Your work in custom synthesis and specialty chemical manufacturing particularly interested me.
Biotech Healthcare,Arinna Lifesciences,"Ahmedabad, Gujarat",Specialty Biotech,"Ophthalmic products, injectables and healthcare formulations",< ?30 Cr (estimated),Founder-led biotechnology startup; limited public information on key executives.,PASS ñ Manufactures products,PASS ñ Ahmedabad facilities,Moderate ñ Specialized healthcare products,Moderate ñ Experienced promoters,Strong ñ Healthcare sector growth,Moderate ñ Product expansion,Moderate ñ GMP systems,Moderate ñ Established management,72.5,Fit (B) ñ Emerging biotechnology company with specialized research and product development focus.,I was impressed by your efforts in developing specialized biotechnology solutions.
Arinna Lifesciences,OmniBRx Biotechnologies,"Ahmedabad, Gujarat",Specialty Biotech,Biotechnology products and life-science solutions,< ?30 Cr (estimated),Founder-led biotechnology company with limited publicly disclosed leadership profiles.,PASS ñ Develops products internally,PASS ñ Gujarat operations,Strong ñ Niche biotech focus,Moderate ñ Science-oriented leadership,Strong ñ Biotech tailwinds,Moderate ñ Scaling operations,Moderate ñ R&D processes,Moderate ñ Growing leadership team,72.5,Fit (B) ñ Focused biotechnology manufacturer with niche research-oriented offerings.,Your emphasis on biotechnology innovation and research products stood out to me.
OmniBRx Biotechnologies,Biotech Healthcare,"Ahmedabad, Gujarat",Specialty Biotech,Biotechnology reagents and research products,?300ñ500 Cr (estimated),Promoter-led healthcare manufacturer with an experienced executive team.,PASS ñ Produces own products,PASS ñ India operations,Strong ñ Specialized biotech offerings,Moderate ñ Technical founders,Strong ñ Research market growth,Moderate ñ Expanding product line,Moderate ñ Lab quality systems,Moderate ñ Team beyond founders,62.5,Fit (B) ñ Established healthcare manufacturer with specialized products and operational maturity.,I found your work in ophthalmic and injectable healthcare products particularly noteworthy.
Rapture Biotech,Rapture Biotech,"Ahmedabad, Gujarat",Life-Science Tools,Molecular biology reagents and laboratory consumables,?30ñ100 Cr (estimated),Founder-led life-science products company; limited public executive information.,PASS ñ Manufactures products,PASS ñ Ahmedabad operations,Moderate ñ Research-focused portfolio,Moderate ñ Domain expertise,Strong ñ Research sector growth,Moderate ñ Increasing customer base,Moderate ñ Quality management,Moderate ñ Stable management,62.5,Fit (B) ñ Supplies specialized life-science products in a technically focused market.,Your portfolio of molecular biology reagents and research products caught my attention.
Agile BioScience,Agile BioScience,"Ahmedabad, Gujarat",Life-Science Tools,Laboratory reagents and biotechnology research products,< ?30 Cr (estimated),Founder-led biotechnology business; executive information is not extensively public.,PASS ñ Own production capability,PASS ñ Gujarat presence,Moderate ñ Specialized research supplies,Moderate ñ Technical management,Strong ñ Life-science industry growth,Moderate ñ Product development,Moderate ñ Operational systems,Moderate ñ Leadership team in place,62.5,Fit (B) ñ Niche biotechnology supplier serving laboratories and research organizations.,I was interested in your contribution to supplying biotechnology research materials.
Add-X Biotech,Add-X Biotech,"Ahmedabad, Gujarat",Life-Science Tools,Diagnostic reagents and biotechnology laboratory products,< ?30 Cr (estimated),Founder/promoter-led biotechnology company with limited publicly available leadership details.,PASS ñ Manufactures reagents,PASS ñ Ahmedabad operations,Moderate ñ Niche biotech products,Moderate ñ Science-focused management,Strong ñ Diagnostics demand,Moderate ñ Expanding offerings,Moderate ñ Standard QC systems,Moderate ñ Developing management structure,62.5,Fit (B) ñ Focuses on biotechnology reagents and diagnostics with in-house production capabilities.,Your specialization in diagnostic reagents and laboratory products makes your company stand out.
Chemcon Speciality Chemicals,https://www.chemcongroup.com,"Vadodara, Gujarat",Specialty Chemicals,"HMDS, pharma intermediates, silica-based chemicals",?300ñ500 Cr,"Dr. K. M. Patel (CMD), Nikhil Patel (Executive Director)",Own manufacturing control,Gujarat plant access,Strong niche chemistry moat,Promoter + professional mix,Global outsourcing tailwind,Capacity-led steady growth,GMP + export systems,Moderate succession depth,48,"Strong Fit (A) ñ Established specialty chemicals producer with strong manufacturing control, export systems, and niche intermediates business, but already relatively mature in scale.","Strong business, but not early-stage discovery anymore"
Aether Industries,https://aether.co.in,"Surat, Gujarat",Specialty Chemicals,"Advanced intermediates, specialty molecules for pharma/agro",?900ñ1100 Cr,"Ashwin Desai (Founder & MD), Rohan Desai (ED), Aman Desai (Director)",Fully integrated production,Strong Surat industrial base,High differentiation R&D chemistry,Founder-led technical decision-making,China+1 tailwinds,High expansion growth,Advanced process systems,Emerging professional depth,59,"Strong Fit (A) ñ High-end specialty chemicals innovator with strong R&D-driven differentiation, integrated manufacturing, and strong exposure to global outsourcing and China+1 tailwinds.","Premium compounder, valuation-sensitive"
Neogen Chemicals,https://www.neogenchem.com,Mumbai / Gujarat,Lithium + Specialty Chemicals,"Lithium salts, bromine derivatives, organics",?700ñ900 Cr,"Haridas A. Kotian (CMD), senior executive management team",Full vertical chemical control,Multi-plant access,Lithium chemistry moat,Balanced promoter + professional,EV / energy storage tailwind,Moderate cyclic growth,Mature export systems,Stable succession structure,40,Strong Fit (A) ñ Structurally strong lithium and bromine chemicals player with diversified manufacturing base and long-term EV and energy storage demand tailwinds.,"Structural theme, already mid-cap"
Tatva Chintan Pharma Chem,https://www.tatvachintan.com,"Vadodara, Gujarat",Specialty Chemicals,"Phase transfer catalysts, electrolyte chemicals",?300ñ500 Cr,"Chintan N. Shah (CMD), Ajaykumar Patel (WTD), Shekhar Somani (WTD)",Own niche chemical production,Gujarat manufacturing access,Narrow but strong product niche,Conservative technical leadership,Global specialty cycle exposure,Cyclical growth profile,Export compliance systems,Limited leadership depth,52,Moderate Fit (B) ñ Niche specialty chemicals player with strong technical capability but limited product concentration and earnings cyclicality impacting consistency.,Good niche but volatile earnings
Lincoln Pharmaceuticals,https://www.lincolnpharma.com,"Ahmedabad, Gujarat",Pharma Formulations,"Tablets, capsules, injectables, syrups",?600ñ800 Cr,"Mahendra Patel (CMD), promoter family management",In-house pharma production,Wide India distribution,Low differentiation formulations,Promoter-driven structure,Emerging market pharma demand,Steady low growth,Standard pharma GMP systems,Traditional succession model,56,Weak Fit (C) ñ Traditional pharma formulation company with limited differentiation in specialty chemicals and primarily commoditized product portfolio.,Not aligned with chemistry thesis
Swiss Parenterals,https://www.swisspharmaceuticals.com,Gujarat,Injectable Pharma,Sterile injectables and formulations,?400ñ700 Cr,Private promoter group (not fully publicly detailed),Own injectable plants,Gujarat pharma hub access,Moderate injectable niche,Promoter + technical mix,Global injectable demand,Moderate contract growth,Sterile GMP systems,Stable but narrow leadership,52,Moderate Fit (B) ñ Injectable-focused pharma manufacturer with solid GMP systems but outside specialty chemicals investment universe and limited chemistry differentiation.,"Pharma niche, not chemicals"
West Coast Pharmaceuticals,https://www.westcoastin.com,Gujarat,Pharma Formulations,"Generic tablets, capsules, APIs",?400ñ600 Cr,"Hitesh Shah (MD), promoter family",Own pharma manufacturing,Strong Gujarat base,Low differentiation generics,Traditional promoter structure,Generic pharma demand,Slow-moderate growth,Standard pharma systems,Basic succession planning,40,"Weak Fit (C) ñ Generic pharmaceutical formulation company with low product differentiation, limited scalability advantage, and weak relevance to specialty chemicals thesis.","Commodity pharma, low moat"
,,,,,,,,,,,,,,,,,
,,,,,,,,,,,,,,,,,
Company,Fails Reason,Fails in Criteria / Sector,,,,,,,,,,,,,,,
Reliance Industries,"Massive diversified conglomerate with oil, telecom, retail; no focused niche E1-E8 specialty chemistry or biotech edge"," Fails: C3 (no niche differentiation), C5 (not sector-focused), E1 (too diversified)",,,,,,,,,,,,,,,
ITC Limited,Strong FMCG + tobacco business but no manufacturing-led specialty chemical/biotech innovation focus," Fails: C3 (no technical moat in your sector), C5 (not biotech/chemicals growth theme)",,,,,,,,,,,,,,,
Hindustan Unilever,"Consumer goods company driven by branding and distribution, not manufacturing differentiation","Fails: E1 (not manufacturing-led), C3 (no technical moat), C7 (not process innovation driven)",,,,,,,,,,,,,,,
Dr. Reddyís Laboratories,Large pharma formulation + generics exporter; scale is high but innovation moat is limited vs specialty biotech/chemicals focus," Fails: C3 (limited differentiation vs specialty biotech), C5 (not niche chemical cycle), E1 (not niche manufacturing control)",,,,,,,,,,,,,,,
Tata Chemicals,Large diversified chemicals + salt + consumer chemicals; broad portfolio dilutes niche specialty chemistry edge," Fails: C3 (low niche specialization), C5 (broad commodity exposure), C7 (mixed systems, not pure specialty focus)",,,,,,,,,,,,,,,
